run_id,rollout,success,steps
can__A_all__s1,0,1,169
can__A_all__s1,1,1,143
can__A_all__s1,2,1,139
can__A_all__s1,3,1,143
can__A_all__s1,4,1,131
can__A_all__s1,5,1,157
can__A_all__s1,6,1,117
can__A_all__s1,7,1,128
can__A_all__s1,8,0,500
can__A_all__s1,9,1,162
can__A_all__s1,10,1,211
can__A_all__s1,11,1,189
can__A_all__s1,12,1,144
can__A_all__s1,13,1,152
can__A_all__s1,14,1,168
can__A_all__s1,15,1,137
can__A_all__s1,16,1,188
can__A_all__s1,17,1,124
can__A_all__s1,18,1,227
can__A_all__s1,19,1,134
can__A_all__s1,20,1,280
can__A_all__s1,21,1,146
can__A_all__s1,22,1,191
can__A_all__s1,23,1,168
can__A_all__s1,24,1,198
can__A_all__s1,25,1,143
can__A_all__s1,26,1,143
can__A_all__s1,27,1,287
can__A_all__s1,28,1,140
can__A_all__s1,29,1,162
can__A_all__s1,30,1,150
can__A_all__s1,31,1,201
can__A_all__s1,32,1,208
can__A_all__s1,33,0,500
can__A_all__s1,34,1,158
can__A_all__s1,35,1,130
can__A_all__s1,36,1,182
can__A_all__s1,37,1,144
can__A_all__s1,38,1,200
can__A_all__s1,39,1,172
can__A_all__s1,40,1,152
can__A_all__s1,41,1,142
can__A_all__s1,42,1,145
can__A_all__s1,43,1,157
can__A_all__s1,44,1,133
can__A_all__s1,45,1,133
can__A_all__s1,46,1,157
can__A_all__s1,47,1,231
can__A_all__s1,48,1,190
can__A_all__s1,49,1,153
can__A_all__s10,0,1,177
can__A_all__s10,1,1,148
can__A_all__s10,2,1,152
can__A_all__s10,3,1,302
can__A_all__s10,4,1,125
can__A_all__s10,5,1,166
can__A_all__s10,6,1,134
can__A_all__s10,7,1,141
can__A_all__s10,8,1,162
can__A_all__s10,9,1,203
can__A_all__s10,10,1,161
can__A_all__s10,11,1,188
can__A_all__s10,12,1,145
can__A_all__s10,13,0,500
can__A_all__s10,14,1,194
can__A_all__s10,15,1,177
can__A_all__s10,16,1,169
can__A_all__s10,17,1,150
can__A_all__s10,18,1,190
can__A_all__s10,19,0,500
can__A_all__s10,20,1,162
can__A_all__s10,21,1,177
can__A_all__s10,22,1,162
can__A_all__s10,23,1,179
can__A_all__s10,24,1,179
can__A_all__s10,25,1,376
can__A_all__s10,26,1,221
can__A_all__s10,27,1,171
can__A_all__s10,28,1,158
can__A_all__s10,29,1,212
can__A_all__s10,30,1,178
can__A_all__s10,31,1,231
can__A_all__s10,32,1,181
can__A_all__s10,33,1,220
can__A_all__s10,34,1,156
can__A_all__s10,35,1,188
can__A_all__s10,36,1,170
can__A_all__s10,37,1,236
can__A_all__s10,38,1,221
can__A_all__s10,39,1,212
can__A_all__s10,40,1,141
can__A_all__s10,41,1,130
can__A_all__s10,42,1,149
can__A_all__s10,43,1,298
can__A_all__s10,44,1,171
can__A_all__s10,45,1,143
can__A_all__s10,46,1,135
can__A_all__s10,47,1,270
can__A_all__s10,48,1,221
can__A_all__s10,49,1,136
can__A_all__s2,0,0,500
can__A_all__s2,1,1,260
can__A_all__s2,2,1,123
can__A_all__s2,3,1,459
can__A_all__s2,4,1,131
can__A_all__s2,5,1,138
can__A_all__s2,6,1,123
can__A_all__s2,7,1,127
can__A_all__s2,8,1,159
can__A_all__s2,9,1,228
can__A_all__s2,10,1,196
can__A_all__s2,11,1,232
can__A_all__s2,12,1,127
can__A_all__s2,13,1,159
can__A_all__s2,14,1,248
can__A_all__s2,15,1,129
can__A_all__s2,16,1,191
can__A_all__s2,17,1,122
can__A_all__s2,18,1,188
can__A_all__s2,19,1,137
can__A_all__s2,20,1,280
can__A_all__s2,21,1,347
can__A_all__s2,22,1,333
can__A_all__s2,23,1,168
can__A_all__s2,24,1,218
can__A_all__s2,25,1,208
can__A_all__s2,26,1,144
can__A_all__s2,27,1,132
can__A_all__s2,28,1,147
can__A_all__s2,29,1,211
can__A_all__s2,30,1,146
can__A_all__s2,31,1,222
can__A_all__s2,32,1,156
can__A_all__s2,33,1,156
can__A_all__s2,34,1,192
can__A_all__s2,35,1,132
can__A_all__s2,36,0,500
can__A_all__s2,37,0,500
can__A_all__s2,38,1,183
can__A_all__s2,39,1,278
can__A_all__s2,40,1,151
can__A_all__s2,41,1,119
can__A_all__s2,42,0,500
can__A_all__s2,43,1,253
can__A_all__s2,44,1,303
can__A_all__s2,45,1,128
can__A_all__s2,46,1,201
can__A_all__s2,47,1,356
can__A_all__s2,48,1,193
can__A_all__s2,49,1,208
can__A_all__s3,0,1,155
can__A_all__s3,1,1,154
can__A_all__s3,2,1,134
can__A_all__s3,3,1,153
can__A_all__s3,4,1,130
can__A_all__s3,5,1,281
can__A_all__s3,6,1,141
can__A_all__s3,7,1,172
can__A_all__s3,8,1,191
can__A_all__s3,9,1,191
can__A_all__s3,10,1,217
can__A_all__s3,11,1,191
can__A_all__s3,12,1,178
can__A_all__s3,13,1,245
can__A_all__s3,14,1,211
can__A_all__s3,15,1,148
can__A_all__s3,16,1,214
can__A_all__s3,17,1,135
can__A_all__s3,18,1,158
can__A_all__s3,19,1,147
can__A_all__s3,20,1,243
can__A_all__s3,21,1,142
can__A_all__s3,22,1,206
can__A_all__s3,23,1,180
can__A_all__s3,24,1,188
can__A_all__s3,25,1,249
can__A_all__s3,26,1,160
can__A_all__s3,27,1,196
can__A_all__s3,28,1,129
can__A_all__s3,29,1,201
can__A_all__s3,30,1,261
can__A_all__s3,31,1,271
can__A_all__s3,32,1,172
can__A_all__s3,33,1,222
can__A_all__s3,34,1,335
can__A_all__s3,35,1,173
can__A_all__s3,36,1,259
can__A_all__s3,37,1,180
can__A_all__s3,38,1,188
can__A_all__s3,39,1,251
can__A_all__s3,40,1,140
can__A_all__s3,41,1,139
can__A_all__s3,42,0,500
can__A_all__s3,43,1,172
can__A_all__s3,44,1,137
can__A_all__s3,45,1,159
can__A_all__s3,46,1,174
can__A_all__s3,47,0,500
can__A_all__s3,48,1,213
can__A_all__s3,49,1,172
can__A_all__s4,0,1,161
can__A_all__s4,1,1,161
can__A_all__s4,2,1,181
can__A_all__s4,3,1,171
can__A_all__s4,4,1,132
can__A_all__s4,5,1,182
can__A_all__s4,6,1,137
can__A_all__s4,7,1,121
can__A_all__s4,8,1,201
can__A_all__s4,9,1,186
can__A_all__s4,10,1,300
can__A_all__s4,11,1,269
can__A_all__s4,12,1,172
can__A_all__s4,13,1,191
can__A_all__s4,14,1,188
can__A_all__s4,15,1,131
can__A_all__s4,16,1,182
can__A_all__s4,17,1,117
can__A_all__s4,18,1,188
can__A_all__s4,19,1,181
can__A_all__s4,20,1,333
can__A_all__s4,21,1,127
can__A_all__s4,22,0,500
can__A_all__s4,23,1,168
can__A_all__s4,24,1,191
can__A_all__s4,25,1,243
can__A_all__s4,26,1,151
can__A_all__s4,27,1,147
can__A_all__s4,28,1,128
can__A_all__s4,29,1,253
can__A_all__s4,30,0,500
can__A_all__s4,31,1,229
can__A_all__s4,32,1,182
can__A_all__s4,33,1,128
can__A_all__s4,34,1,183
can__A_all__s4,35,1,219
can__A_all__s4,36,1,306
can__A_all__s4,37,1,155
can__A_all__s4,38,1,183
can__A_all__s4,39,1,170
can__A_all__s4,40,1,123
can__A_all__s4,41,1,130
can__A_all__s4,42,1,221
can__A_all__s4,43,1,169
can__A_all__s4,44,1,204
can__A_all__s4,45,1,137
can__A_all__s4,46,1,156
can__A_all__s4,47,1,218
can__A_all__s4,48,1,175
can__A_all__s4,49,1,142
can__A_all__s5,0,1,171
can__A_all__s5,1,1,139
can__A_all__s5,2,1,224
can__A_all__s5,3,1,157
can__A_all__s5,4,1,125
can__A_all__s5,5,1,179
can__A_all__s5,6,1,123
can__A_all__s5,7,1,141
can__A_all__s5,8,0,500
can__A_all__s5,9,1,166
can__A_all__s5,10,1,148
can__A_all__s5,11,1,174
can__A_all__s5,12,1,153
can__A_all__s5,13,1,419
can__A_all__s5,14,1,162
can__A_all__s5,15,1,200
can__A_all__s5,16,1,231
can__A_all__s5,17,1,195
can__A_all__s5,18,1,120
can__A_all__s5,19,0,500
can__A_all__s5,20,1,211
can__A_all__s5,21,1,162
can__A_all__s5,22,1,156
can__A_all__s5,23,1,164
can__A_all__s5,24,1,160
can__A_all__s5,25,1,152
can__A_all__s5,26,0,500
can__A_all__s5,27,1,302
can__A_all__s5,28,1,123
can__A_all__s5,29,1,156
can__A_all__s5,30,1,244
can__A_all__s5,31,1,205
can__A_all__s5,32,1,157
can__A_all__s5,33,1,163
can__A_all__s5,34,0,500
can__A_all__s5,35,1,153
can__A_all__s5,36,1,468
can__A_all__s5,37,1,154
can__A_all__s5,38,1,178
can__A_all__s5,39,1,227
can__A_all__s5,40,1,124
can__A_all__s5,41,1,134
can__A_all__s5,42,1,121
can__A_all__s5,43,1,210
can__A_all__s5,44,1,142
can__A_all__s5,45,1,122
can__A_all__s5,46,1,142
can__A_all__s5,47,1,354
can__A_all__s5,48,1,221
can__A_all__s5,49,1,130
can__A_all__s6,0,1,141
can__A_all__s6,1,1,151
can__A_all__s6,2,1,157
can__A_all__s6,3,1,142
can__A_all__s6,4,1,140
can__A_all__s6,5,1,191
can__A_all__s6,6,1,122
can__A_all__s6,7,1,130
can__A_all__s6,8,1,247
can__A_all__s6,9,1,170
can__A_all__s6,10,1,142
can__A_all__s6,11,1,176
can__A_all__s6,12,1,154
can__A_all__s6,13,1,211
can__A_all__s6,14,1,181
can__A_all__s6,15,1,219
can__A_all__s6,16,1,168
can__A_all__s6,17,1,118
can__A_all__s6,18,1,121
can__A_all__s6,19,1,154
can__A_all__s6,20,1,213
can__A_all__s6,21,1,144
can__A_all__s6,22,1,229
can__A_all__s6,23,1,226
can__A_all__s6,24,1,165
can__A_all__s6,25,1,180
can__A_all__s6,26,1,150
can__A_all__s6,27,1,323
can__A_all__s6,28,1,172
can__A_all__s6,29,1,209
can__A_all__s6,30,1,237
can__A_all__s6,31,1,207
can__A_all__s6,32,1,263
can__A_all__s6,33,1,150
can__A_all__s6,34,1,215
can__A_all__s6,35,1,137
can__A_all__s6,36,1,200
can__A_all__s6,37,1,158
can__A_all__s6,38,1,168
can__A_all__s6,39,1,497
can__A_all__s6,40,1,148
can__A_all__s6,41,1,149
can__A_all__s6,42,1,130
can__A_all__s6,43,1,161
can__A_all__s6,44,0,500
can__A_all__s6,45,1,154
can__A_all__s6,46,1,147
can__A_all__s6,47,0,500
can__A_all__s6,48,1,230
can__A_all__s6,49,1,146
can__A_all__s7,0,1,163
can__A_all__s7,1,1,143
can__A_all__s7,2,1,131
can__A_all__s7,3,1,151
can__A_all__s7,4,1,123
can__A_all__s7,5,1,160
can__A_all__s7,6,1,119
can__A_all__s7,7,1,172
can__A_all__s7,8,1,158
can__A_all__s7,9,1,188
can__A_all__s7,10,1,168
can__A_all__s7,11,1,180
can__A_all__s7,12,1,142
can__A_all__s7,13,1,166
can__A_all__s7,14,1,176
can__A_all__s7,15,1,119
can__A_all__s7,16,1,200
can__A_all__s7,17,1,131
can__A_all__s7,18,1,122
can__A_all__s7,19,1,139
can__A_all__s7,20,1,228
can__A_all__s7,21,1,213
can__A_all__s7,22,1,257
can__A_all__s7,23,1,181
can__A_all__s7,24,1,183
can__A_all__s7,25,1,259
can__A_all__s7,26,1,180
can__A_all__s7,27,0,500
can__A_all__s7,28,0,500
can__A_all__s7,29,1,180
can__A_all__s7,30,1,150
can__A_all__s7,31,1,206
can__A_all__s7,32,1,170
can__A_all__s7,33,1,140
can__A_all__s7,34,1,174
can__A_all__s7,35,1,139
can__A_all__s7,36,1,197
can__A_all__s7,37,1,142
can__A_all__s7,38,1,386
can__A_all__s7,39,1,222
can__A_all__s7,40,1,119
can__A_all__s7,41,1,138
can__A_all__s7,42,1,139
can__A_all__s7,43,1,191
can__A_all__s7,44,1,173
can__A_all__s7,45,1,135
can__A_all__s7,46,1,173
can__A_all__s7,47,1,182
can__A_all__s7,48,1,227
can__A_all__s7,49,1,146
can__A_all__s8,0,1,150
can__A_all__s8,1,1,165
can__A_all__s8,2,1,154
can__A_all__s8,3,1,160
can__A_all__s8,4,1,131
can__A_all__s8,5,1,170
can__A_all__s8,6,1,131
can__A_all__s8,7,1,137
can__A_all__s8,8,1,184
can__A_all__s8,9,1,168
can__A_all__s8,10,1,205
can__A_all__s8,11,1,278
can__A_all__s8,12,1,149
can__A_all__s8,13,1,162
can__A_all__s8,14,1,175
can__A_all__s8,15,1,165
can__A_all__s8,16,1,237
can__A_all__s8,17,1,120
can__A_all__s8,18,0,500
can__A_all__s8,19,1,149
can__A_all__s8,20,1,183
can__A_all__s8,21,1,185
can__A_all__s8,22,1,188
can__A_all__s8,23,1,180
can__A_all__s8,24,1,173
can__A_all__s8,25,1,200
can__A_all__s8,26,1,136
can__A_all__s8,27,1,173
can__A_all__s8,28,1,240
can__A_all__s8,29,1,180
can__A_all__s8,30,1,153
can__A_all__s8,31,1,188
can__A_all__s8,32,1,199
can__A_all__s8,33,1,181
can__A_all__s8,34,1,224
can__A_all__s8,35,1,140
can__A_all__s8,36,1,167
can__A_all__s8,37,1,159
can__A_all__s8,38,1,204
can__A_all__s8,39,1,218
can__A_all__s8,40,1,145
can__A_all__s8,41,1,122
can__A_all__s8,42,1,140
can__A_all__s8,43,1,189
can__A_all__s8,44,1,164
can__A_all__s8,45,1,143
can__A_all__s8,46,1,149
can__A_all__s8,47,0,500
can__A_all__s8,48,1,180
can__A_all__s8,49,1,123
can__A_all__s9,0,1,149
can__A_all__s9,1,1,148
can__A_all__s9,2,0,500
can__A_all__s9,3,1,145
can__A_all__s9,4,1,153
can__A_all__s9,5,1,160
can__A_all__s9,6,1,127
can__A_all__s9,7,1,149
can__A_all__s9,8,1,152
can__A_all__s9,9,1,172
can__A_all__s9,10,1,152
can__A_all__s9,11,1,169
can__A_all__s9,12,1,159
can__A_all__s9,13,1,158
can__A_all__s9,14,1,176
can__A_all__s9,15,0,500
can__A_all__s9,16,1,180
can__A_all__s9,17,1,150
can__A_all__s9,18,1,247
can__A_all__s9,19,1,138
can__A_all__s9,20,1,145
can__A_all__s9,21,1,146
can__A_all__s9,22,1,145
can__A_all__s9,23,1,181
can__A_all__s9,24,1,163
can__A_all__s9,25,1,133
can__A_all__s9,26,1,159
can__A_all__s9,27,1,159
can__A_all__s9,28,1,133
can__A_all__s9,29,1,181
can__A_all__s9,30,1,201
can__A_all__s9,31,1,205
can__A_all__s9,32,1,170
can__A_all__s9,33,1,151
can__A_all__s9,34,1,211
can__A_all__s9,35,1,142
can__A_all__s9,36,0,500
can__A_all__s9,37,1,241
can__A_all__s9,38,1,192
can__A_all__s9,39,0,500
can__A_all__s9,40,1,151
can__A_all__s9,41,1,133
can__A_all__s9,42,1,126
can__A_all__s9,43,1,148
can__A_all__s9,44,1,148
can__A_all__s9,45,1,133
can__A_all__s9,46,1,154
can__A_all__s9,47,1,192
can__A_all__s9,48,0,500
can__A_all__s9,49,1,151
lift__A_all__s1,0,1,158
lift__A_all__s1,1,1,68
lift__A_all__s1,2,1,85
lift__A_all__s1,3,1,85
lift__A_all__s1,4,1,80
lift__A_all__s1,5,1,87
lift__A_all__s1,6,1,86
lift__A_all__s1,7,1,125
lift__A_all__s1,8,1,87
lift__A_all__s1,9,1,94
lift__A_all__s1,10,1,77
lift__A_all__s1,11,1,76
lift__A_all__s1,12,1,84
lift__A_all__s1,13,1,69
lift__A_all__s1,14,1,86
lift__A_all__s1,15,1,106
lift__A_all__s1,16,1,80
lift__A_all__s1,17,1,60
lift__A_all__s1,18,1,149
lift__A_all__s1,19,0,500
lift__A_all__s1,20,1,87
lift__A_all__s1,21,1,57
lift__A_all__s1,22,1,76
lift__A_all__s1,23,1,66
lift__A_all__s1,24,1,92
lift__A_all__s1,25,1,62
lift__A_all__s1,26,1,83
lift__A_all__s1,27,1,126
lift__A_all__s1,28,1,123
lift__A_all__s1,29,1,70
lift__A_all__s1,30,1,89
lift__A_all__s1,31,1,73
lift__A_all__s1,32,1,134
lift__A_all__s1,33,1,83
lift__A_all__s1,34,1,61
lift__A_all__s1,35,1,67
lift__A_all__s1,36,1,68
lift__A_all__s1,37,1,59
lift__A_all__s1,38,1,57
lift__A_all__s1,39,1,80
lift__A_all__s1,40,1,83
lift__A_all__s1,41,1,70
lift__A_all__s1,42,1,75
lift__A_all__s1,43,1,85
lift__A_all__s1,44,1,67
lift__A_all__s1,45,1,95
lift__A_all__s1,46,1,59
lift__A_all__s1,47,0,500
lift__A_all__s1,48,1,75
lift__A_all__s1,49,1,104
lift__A_all__s10,0,1,328
lift__A_all__s10,1,1,97
lift__A_all__s10,2,1,67
lift__A_all__s10,3,1,118
lift__A_all__s10,4,1,152
lift__A_all__s10,5,1,112
lift__A_all__s10,6,1,59
lift__A_all__s10,7,1,131
lift__A_all__s10,8,1,117
lift__A_all__s10,9,1,87
lift__A_all__s10,10,1,83
lift__A_all__s10,11,1,91
lift__A_all__s10,12,1,87
lift__A_all__s10,13,1,100
lift__A_all__s10,14,1,95
lift__A_all__s10,15,1,104
lift__A_all__s10,16,1,97
lift__A_all__s10,17,1,72
lift__A_all__s10,18,1,95
lift__A_all__s10,19,1,90
lift__A_all__s10,20,1,97
lift__A_all__s10,21,1,68
lift__A_all__s10,22,1,88
lift__A_all__s10,23,1,77
lift__A_all__s10,24,1,66
lift__A_all__s10,25,1,62
lift__A_all__s10,26,1,121
lift__A_all__s10,27,1,159
lift__A_all__s10,28,1,90
lift__A_all__s10,29,1,86
lift__A_all__s10,30,1,86
lift__A_all__s10,31,1,70
lift__A_all__s10,32,1,153
lift__A_all__s10,33,1,101
lift__A_all__s10,34,1,71
lift__A_all__s10,35,1,67
lift__A_all__s10,36,1,88
lift__A_all__s10,37,1,77
lift__A_all__s10,38,1,59
lift__A_all__s10,39,1,55
lift__A_all__s10,40,1,73
lift__A_all__s10,41,1,84
lift__A_all__s10,42,1,88
lift__A_all__s10,43,1,79
lift__A_all__s10,44,1,84
lift__A_all__s10,45,1,95
lift__A_all__s10,46,1,50
lift__A_all__s10,47,1,79
lift__A_all__s10,48,1,91
lift__A_all__s10,49,1,90
lift__A_all__s2,0,1,68
lift__A_all__s2,1,1,74
lift__A_all__s2,2,1,75
lift__A_all__s2,3,1,82
lift__A_all__s2,4,1,66
lift__A_all__s2,5,1,105
lift__A_all__s2,6,1,166
lift__A_all__s2,7,1,67
lift__A_all__s2,8,1,81
lift__A_all__s2,9,1,70
lift__A_all__s2,10,1,84
lift__A_all__s2,11,1,169
lift__A_all__s2,12,1,108
lift__A_all__s2,13,1,92
lift__A_all__s2,14,1,80
lift__A_all__s2,15,1,73
lift__A_all__s2,16,1,48
lift__A_all__s2,17,1,90
lift__A_all__s2,18,1,63
lift__A_all__s2,19,1,75
lift__A_all__s2,20,1,76
lift__A_all__s2,21,1,60
lift__A_all__s2,22,1,82
lift__A_all__s2,23,1,114
lift__A_all__s2,24,1,71
lift__A_all__s2,25,1,64
lift__A_all__s2,26,1,77
lift__A_all__s2,27,1,105
lift__A_all__s2,28,1,79
lift__A_all__s2,29,1,81
lift__A_all__s2,30,1,65
lift__A_all__s2,31,1,80
lift__A_all__s2,32,1,81
lift__A_all__s2,33,1,56
lift__A_all__s2,34,1,58
lift__A_all__s2,35,1,61
lift__A_all__s2,36,1,79
lift__A_all__s2,37,1,65
lift__A_all__s2,38,1,55
lift__A_all__s2,39,1,67
lift__A_all__s2,40,1,86
lift__A_all__s2,41,1,65
lift__A_all__s2,42,1,98
lift__A_all__s2,43,1,74
lift__A_all__s2,44,1,86
lift__A_all__s2,45,1,94
lift__A_all__s2,46,1,53
lift__A_all__s2,47,1,101
lift__A_all__s2,48,1,70
lift__A_all__s2,49,1,58
lift__A_all__s3,0,1,107
lift__A_all__s3,1,1,57
lift__A_all__s3,2,1,64
lift__A_all__s3,3,1,65
lift__A_all__s3,4,1,65
lift__A_all__s3,5,1,86
lift__A_all__s3,6,1,71
lift__A_all__s3,7,1,86
lift__A_all__s3,8,1,85
lift__A_all__s3,9,1,76
lift__A_all__s3,10,1,88
lift__A_all__s3,11,1,83
lift__A_all__s3,12,1,97
lift__A_all__s3,13,1,104
lift__A_all__s3,14,1,77
lift__A_all__s3,15,1,105
lift__A_all__s3,16,1,218
lift__A_all__s3,17,1,94
lift__A_all__s3,18,1,57
lift__A_all__s3,19,1,107
lift__A_all__s3,20,1,64
lift__A_all__s3,21,1,60
lift__A_all__s3,22,1,63
lift__A_all__s3,23,1,154
lift__A_all__s3,24,1,89
lift__A_all__s3,25,1,85
lift__A_all__s3,26,1,85
lift__A_all__s3,27,1,91
lift__A_all__s3,28,1,141
lift__A_all__s3,29,1,80
lift__A_all__s3,30,1,74
lift__A_all__s3,31,1,102
lift__A_all__s3,32,1,76
lift__A_all__s3,33,1,77
lift__A_all__s3,34,1,60
lift__A_all__s3,35,1,67
lift__A_all__s3,36,1,92
lift__A_all__s3,37,1,64
lift__A_all__s3,38,1,65
lift__A_all__s3,39,1,66
lift__A_all__s3,40,1,65
lift__A_all__s3,41,1,63
lift__A_all__s3,42,1,73
lift__A_all__s3,43,1,79
lift__A_all__s3,44,1,71
lift__A_all__s3,45,1,61
lift__A_all__s3,46,1,69
lift__A_all__s3,47,1,49
lift__A_all__s3,48,1,60
lift__A_all__s3,49,1,117
lift__A_all__s4,0,1,65
lift__A_all__s4,1,1,118
lift__A_all__s4,2,1,76
lift__A_all__s4,3,1,80
lift__A_all__s4,4,1,73
lift__A_all__s4,5,1,165
lift__A_all__s4,6,0,500
lift__A_all__s4,7,1,93
lift__A_all__s4,8,1,68
lift__A_all__s4,9,1,89
lift__A_all__s4,10,1,77
lift__A_all__s4,11,1,111
lift__A_all__s4,12,1,92
lift__A_all__s4,13,1,57
lift__A_all__s4,14,1,77
lift__A_all__s4,15,1,167
lift__A_all__s4,16,1,99
lift__A_all__s4,17,1,63
lift__A_all__s4,18,1,134
lift__A_all__s4,19,0,500
lift__A_all__s4,20,1,87
lift__A_all__s4,21,1,72
lift__A_all__s4,22,1,89
lift__A_all__s4,23,1,66
lift__A_all__s4,24,1,130
lift__A_all__s4,25,1,93
lift__A_all__s4,26,1,156
lift__A_all__s4,27,1,65
lift__A_all__s4,28,1,70
lift__A_all__s4,29,1,78
lift__A_all__s4,30,1,78
lift__A_all__s4,31,1,191
lift__A_all__s4,32,1,65
lift__A_all__s4,33,1,52
lift__A_all__s4,34,1,59
lift__A_all__s4,35,1,73
lift__A_all__s4,36,1,67
lift__A_all__s4,37,1,123
lift__A_all__s4,38,1,67
lift__A_all__s4,39,1,73
lift__A_all__s4,40,1,70
lift__A_all__s4,41,1,95
lift__A_all__s4,42,1,127
lift__A_all__s4,43,1,87
lift__A_all__s4,44,1,76
lift__A_all__s4,45,1,68
lift__A_all__s4,46,1,61
lift__A_all__s4,47,1,123
lift__A_all__s4,48,1,102
lift__A_all__s4,49,1,75
lift__A_all__s5,0,1,108
lift__A_all__s5,1,1,58
lift__A_all__s5,2,1,62
lift__A_all__s5,3,1,63
lift__A_all__s5,4,1,82
lift__A_all__s5,5,1,117
lift__A_all__s5,6,1,63
lift__A_all__s5,7,1,107
lift__A_all__s5,8,1,84
lift__A_all__s5,9,1,73
lift__A_all__s5,10,1,78
lift__A_all__s5,11,1,132
lift__A_all__s5,12,1,116
lift__A_all__s5,13,1,76
lift__A_all__s5,14,1,69
lift__A_all__s5,15,1,103
lift__A_all__s5,16,1,73
lift__A_all__s5,17,1,206
lift__A_all__s5,18,1,75
lift__A_all__s5,19,1,154
lift__A_all__s5,20,1,82
lift__A_all__s5,21,1,59
lift__A_all__s5,22,1,96
lift__A_all__s5,23,1,80
lift__A_all__s5,24,1,200
lift__A_all__s5,25,1,60
lift__A_all__s5,26,1,87
lift__A_all__s5,27,1,84
lift__A_all__s5,28,1,164
lift__A_all__s5,29,1,65
lift__A_all__s5,30,1,184
lift__A_all__s5,31,1,63
lift__A_all__s5,32,1,90
lift__A_all__s5,33,1,78
lift__A_all__s5,34,1,61
lift__A_all__s5,35,1,62
lift__A_all__s5,36,1,89
lift__A_all__s5,37,1,62
lift__A_all__s5,38,1,63
lift__A_all__s5,39,1,84
lift__A_all__s5,40,1,95
lift__A_all__s5,41,1,71
lift__A_all__s5,42,1,77
lift__A_all__s5,43,1,85
lift__A_all__s5,44,1,56
lift__A_all__s5,45,1,61
lift__A_all__s5,46,1,53
lift__A_all__s5,47,1,66
lift__A_all__s5,48,1,66
lift__A_all__s5,49,1,153
lift__A_all__s6,0,1,137
lift__A_all__s6,1,1,87
lift__A_all__s6,2,1,141
lift__A_all__s6,3,1,162
lift__A_all__s6,4,1,86
lift__A_all__s6,5,1,103
lift__A_all__s6,6,1,54
lift__A_all__s6,7,1,136
lift__A_all__s6,8,1,95
lift__A_all__s6,9,1,73
lift__A_all__s6,10,1,77
lift__A_all__s6,11,1,208
lift__A_all__s6,12,1,93
lift__A_all__s6,13,1,66
lift__A_all__s6,14,1,70
lift__A_all__s6,15,1,95
lift__A_all__s6,16,1,117
lift__A_all__s6,17,1,93
lift__A_all__s6,18,1,78
lift__A_all__s6,19,0,500
lift__A_all__s6,20,1,341
lift__A_all__s6,21,1,66
lift__A_all__s6,22,1,88
lift__A_all__s6,23,1,102
lift__A_all__s6,24,1,80
lift__A_all__s6,25,1,67
lift__A_all__s6,26,1,80
lift__A_all__s6,27,1,159
lift__A_all__s6,28,1,78
lift__A_all__s6,29,1,76
lift__A_all__s6,30,1,91
lift__A_all__s6,31,1,153
lift__A_all__s6,32,1,79
lift__A_all__s6,33,1,84
lift__A_all__s6,34,1,66
lift__A_all__s6,35,1,66
lift__A_all__s6,36,1,157
lift__A_all__s6,37,1,69
lift__A_all__s6,38,1,56
lift__A_all__s6,39,1,91
lift__A_all__s6,40,1,76
lift__A_all__s6,41,1,91
lift__A_all__s6,42,1,77
lift__A_all__s6,43,1,114
lift__A_all__s6,44,1,86
lift__A_all__s6,45,1,72
lift__A_all__s6,46,1,66
lift__A_all__s6,47,1,64
lift__A_all__s6,48,1,89
lift__A_all__s6,49,1,64
lift__A_all__s7,0,1,76
lift__A_all__s7,1,1,76
lift__A_all__s7,2,1,82
lift__A_all__s7,3,1,68
lift__A_all__s7,4,1,67
lift__A_all__s7,5,1,117
lift__A_all__s7,6,1,86
lift__A_all__s7,7,1,96
lift__A_all__s7,8,1,81
lift__A_all__s7,9,1,75
lift__A_all__s7,10,1,104
lift__A_all__s7,11,1,112
lift__A_all__s7,12,1,102
lift__A_all__s7,13,1,86
lift__A_all__s7,14,1,86
lift__A_all__s7,15,1,82
lift__A_all__s7,16,1,89
lift__A_all__s7,17,1,75
lift__A_all__s7,18,1,81
lift__A_all__s7,19,1,98
lift__A_all__s7,20,1,132
lift__A_all__s7,21,1,54
lift__A_all__s7,22,1,82
lift__A_all__s7,23,0,500
lift__A_all__s7,24,1,68
lift__A_all__s7,25,1,80
lift__A_all__s7,26,1,88
lift__A_all__s7,27,1,71
lift__A_all__s7,28,1,78
lift__A_all__s7,29,1,79
lift__A_all__s7,30,1,60
lift__A_all__s7,31,1,87
lift__A_all__s7,32,1,68
lift__A_all__s7,33,1,68
lift__A_all__s7,34,1,66
lift__A_all__s7,35,1,65
lift__A_all__s7,36,1,71
lift__A_all__s7,37,1,66
lift__A_all__s7,38,1,60
lift__A_all__s7,39,1,63
lift__A_all__s7,40,1,77
lift__A_all__s7,41,1,69
lift__A_all__s7,42,1,80
lift__A_all__s7,43,1,85
lift__A_all__s7,44,1,66
lift__A_all__s7,45,1,88
lift__A_all__s7,46,1,61
lift__A_all__s7,47,1,56
lift__A_all__s7,48,1,84
lift__A_all__s7,49,1,66
lift__A_all__s8,0,1,67
lift__A_all__s8,1,1,72
lift__A_all__s8,2,1,55
lift__A_all__s8,3,1,55
lift__A_all__s8,4,1,73
lift__A_all__s8,5,1,87
lift__A_all__s8,6,1,104
lift__A_all__s8,7,1,97
lift__A_all__s8,8,1,77
lift__A_all__s8,9,1,99
lift__A_all__s8,10,1,100
lift__A_all__s8,11,1,83
lift__A_all__s8,12,1,124
lift__A_all__s8,13,1,88
lift__A_all__s8,14,1,64
lift__A_all__s8,15,1,86
lift__A_all__s8,16,1,66
lift__A_all__s8,17,1,50
lift__A_all__s8,18,1,100
lift__A_all__s8,19,1,90
lift__A_all__s8,20,1,80
lift__A_all__s8,21,1,63
lift__A_all__s8,22,1,69
lift__A_all__s8,23,1,49
lift__A_all__s8,24,1,80
lift__A_all__s8,25,1,61
lift__A_all__s8,26,1,80
lift__A_all__s8,27,1,169
lift__A_all__s8,28,1,96
lift__A_all__s8,29,1,66
lift__A_all__s8,30,1,75
lift__A_all__s8,31,1,62
lift__A_all__s8,32,1,109
lift__A_all__s8,33,1,82
lift__A_all__s8,34,1,62
lift__A_all__s8,35,1,66
lift__A_all__s8,36,1,89
lift__A_all__s8,37,1,57
lift__A_all__s8,38,1,57
lift__A_all__s8,39,1,69
lift__A_all__s8,40,1,86
lift__A_all__s8,41,1,99
lift__A_all__s8,42,1,101
lift__A_all__s8,43,1,96
lift__A_all__s8,44,1,78
lift__A_all__s8,45,1,87
lift__A_all__s8,46,1,61
lift__A_all__s8,47,1,55
lift__A_all__s8,48,1,75
lift__A_all__s8,49,1,72
lift__A_all__s9,0,1,76
lift__A_all__s9,1,1,66
lift__A_all__s9,2,1,62
lift__A_all__s9,3,1,57
lift__A_all__s9,4,1,61
lift__A_all__s9,5,1,95
lift__A_all__s9,6,1,65
lift__A_all__s9,7,1,141
lift__A_all__s9,8,1,63
lift__A_all__s9,9,1,68
lift__A_all__s9,10,1,123
lift__A_all__s9,11,1,75
lift__A_all__s9,12,1,95
lift__A_all__s9,13,1,124
lift__A_all__s9,14,1,82
lift__A_all__s9,15,1,185
lift__A_all__s9,16,1,75
lift__A_all__s9,17,1,87
lift__A_all__s9,18,1,63
lift__A_all__s9,19,1,68
lift__A_all__s9,20,1,145
lift__A_all__s9,21,1,49
lift__A_all__s9,22,1,137
lift__A_all__s9,23,1,82
lift__A_all__s9,24,1,65
lift__A_all__s9,25,1,59
lift__A_all__s9,26,1,94
lift__A_all__s9,27,1,86
lift__A_all__s9,28,1,71
lift__A_all__s9,29,1,81
lift__A_all__s9,30,1,73
lift__A_all__s9,31,1,69
lift__A_all__s9,32,1,57
lift__A_all__s9,33,1,74
lift__A_all__s9,34,1,55
lift__A_all__s9,35,1,51
lift__A_all__s9,36,1,97
lift__A_all__s9,37,1,55
lift__A_all__s9,38,1,54
lift__A_all__s9,39,1,53
lift__A_all__s9,40,1,58
lift__A_all__s9,41,1,70
lift__A_all__s9,42,1,179
lift__A_all__s9,43,1,89
lift__A_all__s9,44,1,65
lift__A_all__s9,45,1,157
lift__A_all__s9,46,1,53
lift__A_all__s9,47,1,54
lift__A_all__s9,48,1,60
lift__A_all__s9,49,1,57
square__A_all__s1,0,0,500
square__A_all__s1,1,0,500
square__A_all__s1,2,0,500
square__A_all__s1,3,0,500
square__A_all__s1,4,0,500
square__A_all__s1,5,1,170
square__A_all__s1,6,0,500
square__A_all__s1,7,0,500
square__A_all__s1,8,1,327
square__A_all__s1,9,0,500
square__A_all__s1,10,0,500
square__A_all__s1,11,1,198
square__A_all__s1,12,1,312
square__A_all__s1,13,1,153
square__A_all__s1,14,0,500
square__A_all__s1,15,1,439
square__A_all__s1,16,1,219
square__A_all__s1,17,0,500
square__A_all__s1,18,1,190
square__A_all__s1,19,1,257
square__A_all__s1,20,1,228
square__A_all__s1,21,0,500
square__A_all__s1,22,1,230
square__A_all__s1,23,1,157
square__A_all__s1,24,1,227
square__A_all__s1,25,1,234
square__A_all__s1,26,0,500
square__A_all__s1,27,1,242
square__A_all__s1,28,1,272
square__A_all__s1,29,1,242
square__A_all__s1,30,1,210
square__A_all__s1,31,1,300
square__A_all__s1,32,1,198
square__A_all__s1,33,0,500
square__A_all__s1,34,1,159
square__A_all__s1,35,0,500
square__A_all__s1,36,1,190
square__A_all__s1,37,0,500
square__A_all__s1,38,0,500
square__A_all__s1,39,0,500
square__A_all__s1,40,0,500
square__A_all__s1,41,1,268
square__A_all__s1,42,1,158
square__A_all__s1,43,1,200
square__A_all__s1,44,1,169
square__A_all__s1,45,1,239
square__A_all__s1,46,0,500
square__A_all__s1,47,0,500
square__A_all__s1,48,0,500
square__A_all__s1,49,1,295
square__A_all__s10,0,1,220
square__A_all__s10,1,0,500
square__A_all__s10,2,1,191
square__A_all__s10,3,1,212
square__A_all__s10,4,0,500
square__A_all__s10,5,1,220
square__A_all__s10,6,1,205
square__A_all__s10,7,1,186
square__A_all__s10,8,1,285
square__A_all__s10,9,1,214
square__A_all__s10,10,0,500
square__A_all__s10,11,1,371
square__A_all__s10,12,0,500
square__A_all__s10,13,1,168
square__A_all__s10,14,1,465
square__A_all__s10,15,0,500
square__A_all__s10,16,0,500
square__A_all__s10,17,0,500
square__A_all__s10,18,0,500
square__A_all__s10,19,0,500
square__A_all__s10,20,0,500
square__A_all__s10,21,1,364
square__A_all__s10,22,0,500
square__A_all__s10,23,1,163
square__A_all__s10,24,0,500
square__A_all__s10,25,1,224
square__A_all__s10,26,0,500
square__A_all__s10,27,1,271
square__A_all__s10,28,1,171
square__A_all__s10,29,1,392
square__A_all__s10,30,1,268
square__A_all__s10,31,1,388
square__A_all__s10,32,1,241
square__A_all__s10,33,1,245
square__A_all__s10,34,1,232
square__A_all__s10,35,0,500
square__A_all__s10,36,0,500
square__A_all__s10,37,0,500
square__A_all__s10,38,0,500
square__A_all__s10,39,1,161
square__A_all__s10,40,0,500
square__A_all__s10,41,0,500
square__A_all__s10,42,1,250
square__A_all__s10,43,0,500
square__A_all__s10,44,0,500
square__A_all__s10,45,1,386
square__A_all__s10,46,0,500
square__A_all__s10,47,1,300
square__A_all__s10,48,0,500
square__A_all__s10,49,0,500
square__A_all__s2,0,1,263
square__A_all__s2,1,0,500
square__A_all__s2,2,1,231
square__A_all__s2,3,1,282
square__A_all__s2,4,1,199
square__A_all__s2,5,1,225
square__A_all__s2,6,1,174
square__A_all__s2,7,1,179
square__A_all__s2,8,0,500
square__A_all__s2,9,0,500
square__A_all__s2,10,1,238
square__A_all__s2,11,0,500
square__A_all__s2,12,1,230
square__A_all__s2,13,0,500
square__A_all__s2,14,1,179
square__A_all__s2,15,0,500
square__A_all__s2,16,1,162
square__A_all__s2,17,0,500
square__A_all__s2,18,0,500
square__A_all__s2,19,1,275
square__A_all__s2,20,1,201
square__A_all__s2,21,1,176
square__A_all__s2,22,1,238
square__A_all__s2,23,1,249
square__A_all__s2,24,1,252
square__A_all__s2,25,0,500
square__A_all__s2,26,0,500
square__A_all__s2,27,1,252
square__A_all__s2,28,1,205
square__A_all__s2,29,1,281
square__A_all__s2,30,1,292
square__A_all__s2,31,0,500
square__A_all__s2,32,0,500
square__A_all__s2,33,1,210
square__A_all__s2,34,1,220
square__A_all__s2,35,0,500
square__A_all__s2,36,1,239
square__A_all__s2,37,0,500
square__A_all__s2,38,0,500
square__A_all__s2,39,0,500
square__A_all__s2,40,1,392
square__A_all__s2,41,1,167
square__A_all__s2,42,1,312
square__A_all__s2,43,0,500
square__A_all__s2,44,0,500
square__A_all__s2,45,0,500
square__A_all__s2,46,1,158
square__A_all__s2,47,0,500
square__A_all__s2,48,1,289
square__A_all__s2,49,1,259
square__A_all__s3,0,0,500
square__A_all__s3,1,1,392
square__A_all__s3,2,0,500
square__A_all__s3,3,0,500
square__A_all__s3,4,1,167
square__A_all__s3,5,1,373
square__A_all__s3,6,0,500
square__A_all__s3,7,1,372
square__A_all__s3,8,1,199
square__A_all__s3,9,1,358
square__A_all__s3,10,0,500
square__A_all__s3,11,1,238
square__A_all__s3,12,0,500
square__A_all__s3,13,1,167
square__A_all__s3,14,0,500
square__A_all__s3,15,1,319
square__A_all__s3,16,1,222
square__A_all__s3,17,1,221
square__A_all__s3,18,0,500
square__A_all__s3,19,0,500
square__A_all__s3,20,1,190
square__A_all__s3,21,0,500
square__A_all__s3,22,1,236
square__A_all__s3,23,1,235
square__A_all__s3,24,0,500
square__A_all__s3,25,1,253
square__A_all__s3,26,0,500
square__A_all__s3,27,1,270
square__A_all__s3,28,1,189
square__A_all__s3,29,0,500
square__A_all__s3,30,1,293
square__A_all__s3,31,1,342
square__A_all__s3,32,0,500
square__A_all__s3,33,1,172
square__A_all__s3,34,0,500
square__A_all__s3,35,1,493
square__A_all__s3,36,1,170
square__A_all__s3,37,0,500
square__A_all__s3,38,0,500
square__A_all__s3,39,0,500
square__A_all__s3,40,0,500
square__A_all__s3,41,1,250
square__A_all__s3,42,1,220
square__A_all__s3,43,1,194
square__A_all__s3,44,0,500
square__A_all__s3,45,1,233
square__A_all__s3,46,1,171
square__A_all__s3,47,1,353
square__A_all__s3,48,1,164
square__A_all__s3,49,1,237
square__A_all__s4,0,0,500
square__A_all__s4,1,1,300
square__A_all__s4,2,0,500
square__A_all__s4,3,0,500
square__A_all__s4,4,0,500
square__A_all__s4,5,0,500
square__A_all__s4,6,1,178
square__A_all__s4,7,0,500
square__A_all__s4,8,1,481
square__A_all__s4,9,0,500
square__A_all__s4,10,1,311
square__A_all__s4,11,1,182
square__A_all__s4,12,0,500
square__A_all__s4,13,1,192
square__A_all__s4,14,0,500
square__A_all__s4,15,1,212
square__A_all__s4,16,1,251
square__A_all__s4,17,1,259
square__A_all__s4,18,0,500
square__A_all__s4,19,1,239
square__A_all__s4,20,0,500
square__A_all__s4,21,1,172
square__A_all__s4,22,1,252
square__A_all__s4,23,1,280
square__A_all__s4,24,0,500
square__A_all__s4,25,0,500
square__A_all__s4,26,0,500
square__A_all__s4,27,1,191
square__A_all__s4,28,1,151
square__A_all__s4,29,1,472
square__A_all__s4,30,1,276
square__A_all__s4,31,1,206
square__A_all__s4,32,1,206
square__A_all__s4,33,0,500
square__A_all__s4,34,1,206
square__A_all__s4,35,1,231
square__A_all__s4,36,0,500
square__A_all__s4,37,0,500
square__A_all__s4,38,1,356
square__A_all__s4,39,1,200
square__A_all__s4,40,1,342
square__A_all__s4,41,1,240
square__A_all__s4,42,1,262
square__A_all__s4,43,0,500
square__A_all__s4,44,0,500
square__A_all__s4,45,1,220
square__A_all__s4,46,1,277
square__A_all__s4,47,1,171
square__A_all__s4,48,1,235
square__A_all__s4,49,0,500
square__A_all__s5,0,0,500
square__A_all__s5,1,0,500
square__A_all__s5,2,1,189
square__A_all__s5,3,0,500
square__A_all__s5,4,1,170
square__A_all__s5,5,1,249
square__A_all__s5,6,1,216
square__A_all__s5,7,1,221
square__A_all__s5,8,1,268
square__A_all__s5,9,1,427
square__A_all__s5,10,1,222
square__A_all__s5,11,1,144
square__A_all__s5,12,0,500
square__A_all__s5,13,0,500
square__A_all__s5,14,1,171
square__A_all__s5,15,0,500
square__A_all__s5,16,1,270
square__A_all__s5,17,1,234
square__A_all__s5,18,0,500
square__A_all__s5,19,0,500
square__A_all__s5,20,0,500
square__A_all__s5,21,1,180
square__A_all__s5,22,0,500
square__A_all__s5,23,1,343
square__A_all__s5,24,1,327
square__A_all__s5,25,1,371
square__A_all__s5,26,0,500
square__A_all__s5,27,1,200
square__A_all__s5,28,1,219
square__A_all__s5,29,1,282
square__A_all__s5,30,1,206
square__A_all__s5,31,1,283
square__A_all__s5,32,1,161
square__A_all__s5,33,1,179
square__A_all__s5,34,1,287
square__A_all__s5,35,0,500
square__A_all__s5,36,1,185
square__A_all__s5,37,0,500
square__A_all__s5,38,0,500
square__A_all__s5,39,1,169
square__A_all__s5,40,0,500
square__A_all__s5,41,1,279
square__A_all__s5,42,1,337
square__A_all__s5,43,1,179
square__A_all__s5,44,0,500
square__A_all__s5,45,0,500
square__A_all__s5,46,1,418
square__A_all__s5,47,1,335
square__A_all__s5,48,1,230
square__A_all__s5,49,1,189
square__A_all__s6,0,1,240
square__A_all__s6,1,0,500
square__A_all__s6,2,1,259
square__A_all__s6,3,1,217
square__A_all__s6,4,0,500
square__A_all__s6,5,1,239
square__A_all__s6,6,1,243
square__A_all__s6,7,0,500
square__A_all__s6,8,1,280
square__A_all__s6,9,1,230
square__A_all__s6,10,1,385
square__A_all__s6,11,0,500
square__A_all__s6,12,1,436
square__A_all__s6,13,1,229
square__A_all__s6,14,1,182
square__A_all__s6,15,1,175
square__A_all__s6,16,1,353
square__A_all__s6,17,0,500
square__A_all__s6,18,0,500
square__A_all__s6,19,1,282
square__A_all__s6,20,1,189
square__A_all__s6,21,1,219
square__A_all__s6,22,1,253
square__A_all__s6,23,1,201
square__A_all__s6,24,0,500
square__A_all__s6,25,1,481
square__A_all__s6,26,0,500
square__A_all__s6,27,1,313
square__A_all__s6,28,1,220
square__A_all__s6,29,1,163
square__A_all__s6,30,1,381
square__A_all__s6,31,0,500
square__A_all__s6,32,1,159
square__A_all__s6,33,1,212
square__A_all__s6,34,1,157
square__A_all__s6,35,0,500
square__A_all__s6,36,1,247
square__A_all__s6,37,0,500
square__A_all__s6,38,0,500
square__A_all__s6,39,1,187
square__A_all__s6,40,1,352
square__A_all__s6,41,1,227
square__A_all__s6,42,1,177
square__A_all__s6,43,1,184
square__A_all__s6,44,0,500
square__A_all__s6,45,1,481
square__A_all__s6,46,1,278
square__A_all__s6,47,0,500
square__A_all__s6,48,1,210
square__A_all__s6,49,1,285
square__A_all__s7,0,0,500
square__A_all__s7,1,1,332
square__A_all__s7,2,1,162
square__A_all__s7,3,0,500
square__A_all__s7,4,0,500
square__A_all__s7,5,1,411
square__A_all__s7,6,0,500
square__A_all__s7,7,0,500
square__A_all__s7,8,1,200
square__A_all__s7,9,0,500
square__A_all__s7,10,1,220
square__A_all__s7,11,1,318
square__A_all__s7,12,1,432
square__A_all__s7,13,0,500
square__A_all__s7,14,0,500
square__A_all__s7,15,0,500
square__A_all__s7,16,1,245
square__A_all__s7,17,0,500
square__A_all__s7,18,1,150
square__A_all__s7,19,0,500
square__A_all__s7,20,0,500
square__A_all__s7,21,1,202
square__A_all__s7,22,1,433
square__A_all__s7,23,1,226
square__A_all__s7,24,1,309
square__A_all__s7,25,0,500
square__A_all__s7,26,1,357
square__A_all__s7,27,1,278
square__A_all__s7,28,1,281
square__A_all__s7,29,0,500
square__A_all__s7,30,0,500
square__A_all__s7,31,0,500
square__A_all__s7,32,1,258
square__A_all__s7,33,1,191
square__A_all__s7,34,0,500
square__A_all__s7,35,0,500
square__A_all__s7,36,1,231
square__A_all__s7,37,0,500
square__A_all__s7,38,0,500
square__A_all__s7,39,1,241
square__A_all__s7,40,1,403
square__A_all__s7,41,1,462
square__A_all__s7,42,0,500
square__A_all__s7,43,1,309
square__A_all__s7,44,1,189
square__A_all__s7,45,1,282
square__A_all__s7,46,1,190
square__A_all__s7,47,0,500
square__A_all__s7,48,0,500
square__A_all__s7,49,0,500
square__A_all__s8,0,1,448
square__A_all__s8,1,1,470
square__A_all__s8,2,1,205
square__A_all__s8,3,0,500
square__A_all__s8,4,0,500
square__A_all__s8,5,0,500
square__A_all__s8,6,1,334
square__A_all__s8,7,1,489
square__A_all__s8,8,1,193
square__A_all__s8,9,1,172
square__A_all__s8,10,1,199
square__A_all__s8,11,1,248
square__A_all__s8,12,0,500
square__A_all__s8,13,1,168
square__A_all__s8,14,1,222
square__A_all__s8,15,0,500
square__A_all__s8,16,1,288
square__A_all__s8,17,0,500
square__A_all__s8,18,0,500
square__A_all__s8,19,0,500
square__A_all__s8,20,1,302
square__A_all__s8,21,1,241
square__A_all__s8,22,1,200
square__A_all__s8,23,1,178
square__A_all__s8,24,1,313
square__A_all__s8,25,1,247
square__A_all__s8,26,0,500
square__A_all__s8,27,1,226
square__A_all__s8,28,1,268
square__A_all__s8,29,1,160
square__A_all__s8,30,1,220
square__A_all__s8,31,0,500
square__A_all__s8,32,1,277
square__A_all__s8,33,1,301
square__A_all__s8,34,1,167
square__A_all__s8,35,1,442
square__A_all__s8,36,1,249
square__A_all__s8,37,0,500
square__A_all__s8,38,1,269
square__A_all__s8,39,1,250
square__A_all__s8,40,0,500
square__A_all__s8,41,1,197
square__A_all__s8,42,1,181
square__A_all__s8,43,1,172
square__A_all__s8,44,1,249
square__A_all__s8,45,1,232
square__A_all__s8,46,1,184
square__A_all__s8,47,0,500
square__A_all__s8,48,1,216
square__A_all__s8,49,0,500
square__A_all__s9,0,0,500
square__A_all__s9,1,0,500
square__A_all__s9,2,1,293
square__A_all__s9,3,0,500
square__A_all__s9,4,0,500
square__A_all__s9,5,1,230
square__A_all__s9,6,0,500
square__A_all__s9,7,0,500
square__A_all__s9,8,0,500
square__A_all__s9,9,0,500
square__A_all__s9,10,1,171
square__A_all__s9,11,1,231
square__A_all__s9,12,0,500
square__A_all__s9,13,1,238
square__A_all__s9,14,1,207
square__A_all__s9,15,1,235
square__A_all__s9,16,0,500
square__A_all__s9,17,0,500
square__A_all__s9,18,1,150
square__A_all__s9,19,1,194
square__A_all__s9,20,0,500
square__A_all__s9,21,1,390
square__A_all__s9,22,0,500
square__A_all__s9,23,1,180
square__A_all__s9,24,1,332
square__A_all__s9,25,1,282
square__A_all__s9,26,0,500
square__A_all__s9,27,1,218
square__A_all__s9,28,1,239
square__A_all__s9,29,0,500
square__A_all__s9,30,0,500
square__A_all__s9,31,1,231
square__A_all__s9,32,0,500
square__A_all__s9,33,1,209
square__A_all__s9,34,1,168
square__A_all__s9,35,0,500
square__A_all__s9,36,1,191
square__A_all__s9,37,0,500
square__A_all__s9,38,0,500
square__A_all__s9,39,0,500
square__A_all__s9,40,0,500
square__A_all__s9,41,1,313
square__A_all__s9,42,1,350
square__A_all__s9,43,1,188
square__A_all__s9,44,1,341
square__A_all__s9,45,0,500
square__A_all__s9,46,1,381
square__A_all__s9,47,0,500
square__A_all__s9,48,1,269
square__A_all__s9,49,0,500
