run_id,task,arm,partition_key,held_out_operator,n_demos,seed,success_rate,n_rollouts,epochs,train_seconds,eval_seconds,ckpt_sha256,git_commit,finished
can__A_all__s1,can,A,A_all,,300,1,0.96,50,2000,2580.011465072632,150.00200033187866,6eaad2aacbfbfaa7e1af01532ab5073622e7c3469ce3e476c30f7d49dfa93179,3d658b3f473bfb753af7d25cc413af11e593f665,2026-09-29T02:19:36.891452
can__A_all__s2,can,A,A_all,,300,2,0.92,50,2000,2520.0106971263885,180.0013782978058,71cd0de5bb08abdf3b3790e97743c8e22fa535b67acc3f01dd52758b4aae3bd8,3d658b3f473bfb753af7d25cc413af11e593f665,2026-09-29T03:03:56.929867
can__A_all__s3,can,A,A_all,,300,3,0.96,50,2000,2460.022467851639,180.001704454422,69fd1c04b7458c745681c83abb34a62211041e755dbbf4abe3d92c8acd9d5f96,3d658b3f473bfb753af7d25cc413af11e593f665,2026-09-29T03:47:07.008938
can__A_all__s4,can,A,A_all,,300,4,0.96,50,2000,2520.0102202892303,180.0015411376953,bfd318bdb0b9165da8b69d59f567c260e5ff4884590f7c98f2660c94b9b8870f,3d658b3f473bfb753af7d25cc413af11e593f665,2026-09-29T04:31:27.015301
can__A_all__s5,can,A,A_all,,300,5,0.92,50,2000,2520.009755373001,180.00200390815735,d8473da6fc089d92bcff8cc8acfb1d11bd83067f06aad5bbee5017830746a29a,3d658b3f473bfb753af7d25cc413af11e593f665,2026-09-29T05:14:37.099536
can__A_all__s6,can,A,A_all,,300,6,0.96,50,2000,2520.011504650116,180.00158095359802,d25e9b1952503c5b5fa548f0075d42a5e68ec9edd094e6111f018c9074d1a293,3d658b3f473bfb753af7d25cc413af11e593f665,2026-09-29T05:59:37.160124
can__A_all__s7,can,A,A_all,,300,7,0.96,50,2000,2460.022949695587,150.00141716003418,71d18a44484abdc4fd97f79d90910634c80abd629f712d1f34b1d66453ef81d2,3d658b3f473bfb753af7d25cc413af11e593f665,2026-09-29T06:41:58.138359
can__A_all__s8,can,A,A_all,,300,8,0.96,50,2000,2520.0240516662598,150.00181365013123,7db2ba0a559bbaaf8bfb8864d7840815b8b371df96ed6aceb0e57f650c3dc900,3d658b3f473bfb753af7d25cc413af11e593f665,2026-09-29T07:26:28.201175
can__A_all__s9,can,A,A_all,,300,9,0.9,50,2000,2520.011398792267,180.002845287323,0c4555de2d8e9ce9335416f96658e8e55d79c03c68c071eb7112034cc0d67bf9,3d658b3f473bfb753af7d25cc413af11e593f665,2026-09-29T08:10:37.331291
can__A_all__s10,can,A,A_all,,300,10,0.96,50,2000,2520.015524864197,180.002206325531,5e7a2a3748e87f1423202bf52069c80f659952c1b3bab7a74bcd3135239b6871,3d658b3f473bfb753af7d25cc413af11e593f665,2026-09-29T08:54:58.302737
lift__A_all__s1,lift,A,A_all,,300,1,0.96,50,2000,2580.0091981887817,90.00106167793274,fe86b7431b8f911049be3d036646c949ecbb6e07d862df5831a7c172cbb2ca04,3d658b3f473bfb753af7d25cc413af11e593f665,2026-09-29T02:18:56.887751
lift__A_all__s2,lift,A,A_all,,300,2,1.0,50,2000,2520.0101726055145,90.00114297866821,8b6f705ba0091a779a875f57ec6192318cfc50e8b51081109887bab95c49d665,3d658b3f473bfb753af7d25cc413af11e593f665,2026-09-29T03:03:06.942958
lift__A_all__s3,lift,A,A_all,,300,3,1.0,50,2000,2460.0096683502197,90.00087547302246,aa46a431d44ebfeeee583f8033f8d47eabb6161b998a450cf6a2f6ed8c235389,3d658b3f473bfb753af7d25cc413af11e593f665,2026-09-29T03:46:26.972878
lift__A_all__s4,lift,A,A_all,,300,4,0.96,50,2000,2460.0094845294952,90.00116324424744,d2bd65749ecf3005be196afe74de5161e782a852083e218c808711015e252062,3d658b3f473bfb753af7d25cc413af11e593f665,2026-09-29T04:29:37.052746
lift__A_all__s5,lift,A,A_all,,300,5,1.0,50,2000,2520.9797103405,90.00095057487488,a401f597ff130429b5bb1538977cebb2f7ba751f59740fcc7e7cc20803275e25,3d658b3f473bfb753af7d25cc413af11e593f665,2026-09-29T05:14:58.035029
lift__A_all__s6,lift,A,A_all,,300,6,0.98,50,2000,2520.009523868561,90.00092840194702,b9e3b6a073ec00b781ae3466eb104739edb4f02d491ed81eaf975a203ec141d5,3d658b3f473bfb753af7d25cc413af11e593f665,2026-09-29T05:58:28.081768
lift__A_all__s7,lift,A,A_all,,300,7,0.98,50,2000,2460.011454820633,90.0012047290802,31d6967b7bee366bbb5aa406e6409cf428540f8df9fb0b42d0296418e5376ec7,3d658b3f473bfb753af7d25cc413af11e593f665,2026-09-29T06:42:07.213800
lift__A_all__s8,lift,A,A_all,,300,8,1.0,50,2000,2520.0313725471497,90.00109767913818,f4b57c11f422d14ded7636c612cb0eefca08e2cda1a02fd8d649571b66e5ec9f,3d658b3f473bfb753af7d25cc413af11e593f665,2026-09-29T07:25:37.281424
lift__A_all__s9,lift,A,A_all,,300,9,1.0,50,2000,2520.0099670886993,90.0016450881958,00bced080b09a853bb541f5cd530224e6dcf921c9a8c630a8abee1d4c2a6046a,3d658b3f473bfb753af7d25cc413af11e593f665,2026-09-29T08:09:58.249904
lift__A_all__s10,lift,A,A_all,,300,10,1.0,50,2000,2520.0104155540466,90.0014271736145,781a86c9c5d09dfbfb08249a42dc5da651a842f66aa731c5a6863006d19c9de6,3d658b3f473bfb753af7d25cc413af11e593f665,2026-09-29T08:54:07.382011
square__A_all__s1,square,A,A_all,,300,1,0.56,50,2000,2580.010586977005,300.0029761791229,1b213e34f8d21019975e3b6938de11bace8290b57806f5b9794f0f1c7383bbe1,3d658b3f473bfb753af7d25cc413af11e593f665,2026-09-29T02:22:46.908347
square__A_all__s2,square,A,A_all,,300,2,0.6,50,2000,2520.010803461075,270.00207448005676,a747686c8192373a90323d48e99c2e245e9b9f0cbc4dfbcf03e15a6fe6756367,3d658b3f473bfb753af7d25cc413af11e593f665,2026-09-29T03:09:16.954016
square__A_all__s3,square,A,A_all,,300,3,0.6,50,2000,2520.010712623596,300.0034484863281,59d0c57bc4dbb7492af4e6602d79fd221f89768726fae8f414d728146dca0f33,3d658b3f473bfb753af7d25cc413af11e593f665,2026-09-29T03:56:17.004765
square__A_all__s4,square,A,A_all,,300,4,0.6,50,2000,2520.0113608837128,300.00246500968933,82305a22401bc9162d36c2c0e540f5e9ff1e565b52ef42c6d3c6dbd37808573c,3d658b3f473bfb753af7d25cc413af11e593f665,2026-09-29T04:43:17.062970
square__A_all__s5,square,A,A_all,,300,5,0.66,50,2000,2520.0113463401794,270.0020983219147,b5d2570e49644be7f3ac599a3800b3f8349993d1e942498d65ebead895b9b4b4,3d658b3f473bfb753af7d25cc413af11e593f665,2026-09-29T05:29:47.114196
square__A_all__s6,square,A,A_all,,300,6,0.72,50,2000,2520.0145947933197,270.00201869010925,c70b68606ce5e4248833f372942b99d58447885ad3f99ea1eb9fbab6627ea37c,3d658b3f473bfb753af7d25cc413af11e593f665,2026-09-29T06:16:17.165677
square__A_all__s7,square,A,A_all,,300,7,0.52,50,2000,2520.010365962982,330.00200176239014,86ef954e07c37f1466c0612577d36e74dd16681b8a27af2de54365e6696a836b,3d658b3f473bfb753af7d25cc413af11e593f665,2026-09-29T07:03:47.214731
square__A_all__s8,square,A,A_all,,300,8,0.72,50,2000,2520.009777545929,270.0021617412567,a48a3e31b47257290fca5dcf167c17c0a2aefa2548779b33fbfc61e7b3a457e2,3d658b3f473bfb753af7d25cc413af11e593f665,2026-09-29T07:50:17.270063
square__A_all__s9,square,A,A_all,,300,9,0.5,50,2000,2580.00928068161,330.00227069854736,2bc6620ffee8608f6876182d7833dce7c84a5fb27cd64b377eb7d2661a0d5aef,3d658b3f473bfb753af7d25cc413af11e593f665,2026-09-29T08:38:47.315582
square__A_all__s10,square,A,A_all,,300,10,0.52,50,2000,1980.0086135864258,270.00198578834534,db093d98d3f9f1613a122521deeff46028bb2bcf700e5901d4fff76ac7279ce8,3d658b3f473bfb753af7d25cc413af11e593f665,2026-09-29T09:16:17.356555
can__B_drop_better_operator_1__s1,can,B,B_drop_better_operator_1,better_operator_1,250,1,0.9,50,2000,2580.010725259781,210.00213289260864,90c007f916dea7bd2a116bd37a6589032e80c0af2879e451b01a3ee3a4ee19ac,2bdb38741aa58b8eabc45640758b046dc5c1f91b,2026-09-29T10:03:29.623988
can__B_drop_better_operator_1__s2,can,B,B_drop_better_operator_1,better_operator_1,250,2,0.84,50,2000,2880.0149500370026,210.00573563575745,c955ce5b0aed4532975e1a5c356b49782bd6715aae0f970376e8655b21aedf80,2bdb38741aa58b8eabc45640758b046dc5c1f91b,2026-09-29T15:08:30.180769
can__B_drop_better_operator_1__s3,can,B,B_drop_better_operator_1,better_operator_1,250,3,0.98,50,2000,2.2696218490600586,180.001482963562,683056ed92084ae3f718768c8d0226c0de9df2a94668a2bb88e367fdfb2b4076,e33ec9cda9d59715dd120dfa409942a5c52af57c,2026-09-29T22:43:34.874143
can__B_drop_better_operator_2__s1,can,B,B_drop_better_operator_2,better_operator_2,250,1,0.88,50,2000,2580.0098135471344,180.001451253891,beae0e857794eeb46b03d16809229115017fef4baf62e86b4e2a8051db6a5117,2bdb38741aa58b8eabc45640758b046dc5c1f91b,2026-09-29T10:03:19.619011
can__B_drop_better_operator_2__s2,can,B,B_drop_better_operator_2,better_operator_2,250,2,0.84,50,2000,2880.013554096222,210.00490975379944,132ac5aaedaabe064577378a800edcb6073b41987d071baea6eba6a555cf4cd1,2bdb38741aa58b8eabc45640758b046dc5c1f91b,2026-09-29T15:09:40.055981
can__B_drop_better_operator_2__s3,can,B,B_drop_better_operator_2,better_operator_2,250,3,0.94,50,2000,1.0144562721252441,210.00156950950623,dbc03404b6b787bf5541cc2000f4fe752613ded191d0495ca2099c37699f82b0,e33ec9cda9d59715dd120dfa409942a5c52af57c,2026-09-29T22:44:23.546765
can__B_drop_okay_operator_1__s1,can,B,B_drop_okay_operator_1,okay_operator_1,250,1,0.88,50,2000,2580.0103285312653,180.00144505500793,ca5ef0ab0d9880b43cb43e14c4f8620b5a6fdee7cf426199c30c883e9d5fb98f,2bdb38741aa58b8eabc45640758b046dc5c1f91b,2026-09-29T10:03:39.638088
can__B_drop_okay_operator_1__s2,can,B,B_drop_okay_operator_1,okay_operator_1,250,2,1.0,50,2000,2820.013868331909,180.00596928596497,b7193e18f9cf1ba0a60514acfabd68931a34ace9f835ecadb1c86a8cf44a4d45,2bdb38741aa58b8eabc45640758b046dc5c1f91b,2026-09-29T15:10:20.452655
can__B_drop_okay_operator_1__s3,can,B,B_drop_okay_operator_1,okay_operator_1,250,3,0.98,50,2000,1.147646188735962,180.0025291442871,87e943a837bd9a28e23034ff4b3f921af3e391e75ddead340f45c917f4dba245,e33ec9cda9d59715dd120dfa409942a5c52af57c,2026-09-29T22:44:13.693860
can__B_drop_okay_operator_2__s1,can,B,B_drop_okay_operator_2,okay_operator_2,250,1,0.94,50,2000,2640.0141880512238,180.00150394439697,2b3eb6a1dfd01f0df0417d970a8478ad90c97d4c93d14ec10cfa400c6ba8b718,2bdb38741aa58b8eabc45640758b046dc5c1f91b,2026-09-29T10:50:19.670076
can__B_drop_okay_operator_2__s2,can,B,B_drop_okay_operator_2,okay_operator_2,250,2,0.92,50,2000,2940.015153169632,210.0060863494873,22751022133376e6239bab7022562ee6e184ea73ec07abe96ef841d635a792a2,2bdb38741aa58b8eabc45640758b046dc5c1f91b,2026-09-29T16:01:00.252711
can__B_drop_okay_operator_2__s3,can,B,B_drop_okay_operator_2,okay_operator_2,250,3,0.96,50,2000,2760.0136108398438,180.00656008720398,8ee80e12d16269d0a20d743708edc12cb183243c7c1a30d1820bb972b6ca2f96,e33ec9cda9d59715dd120dfa409942a5c52af57c,2026-09-29T23:32:34.937897
can__B_drop_worse_operator_1__s1,can,B,B_drop_worse_operator_1,worse_operator_1,250,1,0.88,50,2000,2640.009614944458,210.00197982788086,f51531802dbd731fa4448d12212b33c59353f6fbab8fa85cd9ade958585e8ed5,2bdb38741aa58b8eabc45640758b046dc5c1f91b,2026-09-29T10:50:59.667755
can__B_drop_worse_operator_1__s2,can,B,B_drop_worse_operator_1,worse_operator_1,250,2,0.94,50,2000,2940.0146617889404,180.00511574745178,49e36edec505ebc6ce15939234ab9b81d7e8066c301fa72cb9e44a40357646d5,2bdb38741aa58b8eabc45640758b046dc5c1f91b,2026-09-29T16:01:40.122721
can__B_drop_worse_operator_1__s3,can,B,B_drop_worse_operator_1,worse_operator_1,250,3,0.96,50,2000,2760.0131351947784,180.00553584098816,624dde761e48c4a6b146c3d9346c2cb35043642f461b1c625bcdc085f71cb512,e33ec9cda9d59715dd120dfa409942a5c52af57c,2026-09-29T23:33:13.753808
can__B_drop_worse_operator_2__s1,can,B,B_drop_worse_operator_2,worse_operator_2,250,1,1.0,50,2000,2640.009480714798,180.0014054775238,5b2d90dc0be70e0b3e9003f0cdc250a836b38fd4c3f3f7df04acbefebcb0ae38,2bdb38741aa58b8eabc45640758b046dc5c1f91b,2026-09-29T10:50:39.683061
can__B_drop_worse_operator_2__s2,can,B,B_drop_worse_operator_2,worse_operator_2,250,2,0.9,50,2000,2880.1289212703705,210.004873752594,084dba1834818c4fb535d8958e1ea3ba95bfc558cafadca554a7c26ba996912c,2bdb38741aa58b8eabc45640758b046dc5c1f91b,2026-09-29T16:01:50.639091
can__B_drop_worse_operator_2__s3,can,B,B_drop_worse_operator_2,worse_operator_2,250,3,0.96,50,2000,2760.0133481025696,180.0051999092102,04fe36ebca1770aad6186426f181a6bbbce2cb99a55022d704c33bfde3759cf4,e33ec9cda9d59715dd120dfa409942a5c52af57c,2026-09-29T23:33:23.611260
lift__B_drop_better_operator_1__s1,lift,B,B_drop_better_operator_1,better_operator_1,250,1,0.98,50,2000,2760.4174134731293,120.00532627105713,1bee82d342311111abbf60e88432174276c95d67a956645ec06c60319ff0ef52,2bdb38741aa58b8eabc45640758b046dc5c1f91b,2026-09-29T11:38:20.139257
lift__B_drop_better_operator_1__s2,lift,B,B_drop_better_operator_1,better_operator_1,250,2,0.96,50,2000,2880.020568370819,120.00452780723572,97e6ceb5b7651935ea60786f80828e734b8373ae10e3bcc6f14899e1669a7a37,2bdb38741aa58b8eabc45640758b046dc5c1f91b,2026-09-29T16:51:00.342719
lift__B_drop_better_operator_1__s3,lift,B,B_drop_better_operator_1,better_operator_1,250,3,0.96,50,2000,2820.0155730247498,120.00706601142883,7238bfb36e182cb8b3614f022623fc7e1aa94762f5d3b2db443fb5fff4b4ee56,e33ec9cda9d59715dd120dfa409942a5c52af57c,2026-09-30T00:21:35.016701
lift__B_drop_better_operator_2__s1,lift,B,B_drop_better_operator_2,better_operator_2,250,1,0.96,50,2000,2760.011592388153,120.0054976940155,b3057daaca97586e1bd1bc29b54b74219c067a66856f6d9d1d062a91405a0641,2bdb38741aa58b8eabc45640758b046dc5c1f91b,2026-09-29T11:38:39.749994
lift__B_drop_better_operator_2__s2,lift,B,B_drop_better_operator_2,better_operator_2,250,2,1.0,50,2000,2880.013879776001,90.00360202789307,2ec494917715296a0b8efb9f977c39cf81c30e82fd0cf90c8b8e52b501e0e290,2bdb38741aa58b8eabc45640758b046dc5c1f91b,2026-09-29T16:51:10.210987
lift__B_drop_better_operator_2__s3,lift,B,B_drop_better_operator_2,better_operator_2,250,3,0.98,50,2000,2820.016506910324,120.0069727897644,9524a50e803222cb5d9116d42f420536db2599e88e6f994a5142d399f7c82e15,e33ec9cda9d59715dd120dfa409942a5c52af57c,2026-09-30T00:22:13.824540
lift__B_drop_okay_operator_1__s1,lift,B,B_drop_okay_operator_1,okay_operator_1,250,1,0.98,50,2000,2700.068299770355,90.00575160980225,13ecfba786f2c430ac24fbe63eb599c32c962e618a8acbf2a7279aebc70a67bd,2bdb38741aa58b8eabc45640758b046dc5c1f91b,2026-09-29T11:37:29.798982
lift__B_drop_okay_operator_1__s2,lift,B,B_drop_okay_operator_1,okay_operator_1,250,2,1.0,50,2000,2880.013803243637,90.00347709655762,1a5e4650a22cbab08c9fd0db66c1041630a2a65e8f5589df09ede20e8db85b26,2bdb38741aa58b8eabc45640758b046dc5c1f91b,2026-09-29T16:51:20.702382
lift__B_drop_okay_operator_1__s3,lift,B,B_drop_okay_operator_1,okay_operator_1,250,3,1.0,50,2000,2820.0149822235107,120.01237869262695,0d2e98d5aaf1defea565d291f14641ded04dee9840f4126f7b034a95e11170af,e33ec9cda9d59715dd120dfa409942a5c52af57c,2026-09-30T00:22:23.690592
lift__B_drop_okay_operator_2__s1,lift,B,B_drop_okay_operator_2,okay_operator_2,250,1,1.0,50,2000,3000.0155551433563,120.00539231300354,46b56c47975d87274a595a9a13823daee953ec9d1c1b7a01fa51121893f4f71d,2bdb38741aa58b8eabc45640758b046dc5c1f91b,2026-09-29T12:29:29.880131
lift__B_drop_okay_operator_2__s2,lift,B,B_drop_okay_operator_2,okay_operator_2,250,2,1.0,50,2000,2700.023277759552,120.00543117523193,5c88c9aec15277425baecf53ff83d1bd9479c76a3c2beb4262dd3a37b94625c9,2bdb38741aa58b8eabc45640758b046dc5c1f91b,2026-09-29T17:38:00.433781
lift__B_drop_okay_operator_2__s3,lift,B,B_drop_okay_operator_2,okay_operator_2,250,3,1.0,50,2000,2760.0122005939484,90.00140237808228,fe43371ccab6bb6c99ff67061e6f1e4632ec4f97dae84cfb375d80e9417b4e75,e33ec9cda9d59715dd120dfa409942a5c52af57c,2026-09-30T01:09:05.069888
lift__B_drop_worse_operator_1__s1,lift,B,B_drop_worse_operator_1,worse_operator_1,250,1,1.0,50,2000,3060.0179686546326,90.00437521934509,bfd2586629ffc92d7556d8579a805474920b149252ddad0f35618dce3a3d6062,2bdb38741aa58b8eabc45640758b046dc5c1f91b,2026-09-29T12:30:50.210536
lift__B_drop_worse_operator_1__s2,lift,B,B_drop_worse_operator_1,worse_operator_1,250,2,0.96,50,2000,2700.012779712677,90.00395321846008,4164f2e95be57017a1fc2949a85d51c7f87b28cb92eb129f70da53781d635535,2bdb38741aa58b8eabc45640758b046dc5c1f91b,2026-09-29T17:37:40.269514
lift__B_drop_worse_operator_1__s3,lift,B,B_drop_worse_operator_1,worse_operator_1,250,3,0.96,50,2000,2760.011785030365,120.00149750709534,65ca8898637ccb05d5002ac1ccf5c51b882e67c369d4ec5d353689a0aeadca82,e33ec9cda9d59715dd120dfa409942a5c52af57c,2026-09-30T01:10:13.879138
lift__B_drop_worse_operator_2__s1,lift,B,B_drop_worse_operator_2,worse_operator_2,250,1,1.0,50,2000,3060.0246262550354,90.00397753715515,09a889d1b820cc0a64595f47f343c5f7d2c23765bd9a6b925130a47b2b0b29bc,2bdb38741aa58b8eabc45640758b046dc5c1f91b,2026-09-29T12:31:09.826821
lift__B_drop_worse_operator_2__s2,lift,B,B_drop_worse_operator_2,worse_operator_2,250,2,1.0,50,2000,2700.027204990387,90.00495767593384,16b4f9cb4d11482622398b03e10450d06ff948a75f10bcc1b54d85a47b2ba2d5,2bdb38741aa58b8eabc45640758b046dc5c1f91b,2026-09-29T17:37:50.778250
lift__B_drop_worse_operator_2__s3,lift,B,B_drop_worse_operator_2,worse_operator_2,250,3,1.0,50,2000,2760.0120327472687,90.0009024143219,d9f2a1a46cb4a3e6311d8429ba2186b1a4dcce29fc9962f1db342ebff9de8d01,e33ec9cda9d59715dd120dfa409942a5c52af57c,2026-09-30T01:09:53.739261
square__B_drop_better_operator_1__s1,square,B,B_drop_better_operator_1,better_operator_1,250,1,0.46,50,2000,2880.0168313980103,390.00906682014465,e5fd04742e81dce2283ddc6b1a367f54cd4926fa987291a269ea317f1ead58b3,2bdb38741aa58b8eabc45640758b046dc5c1f91b,2026-09-29T13:24:00.022487
square__B_drop_better_operator_1__s2,square,B,B_drop_better_operator_1,better_operator_1,250,2,0.48,50,2000,2760.0133798122406,360.0056631565094,cc5b5454e046894aa3252f312e8833445b7cf2f0000529e68d4811571ab21251,2bdb38741aa58b8eabc45640758b046dc5c1f91b,2026-09-29T18:29:40.331909
square__B_drop_better_operator_1__s3,square,B,B_drop_better_operator_1,better_operator_1,250,3,0.54,50,2000,2700.0165400505066,300.00201201438904,cfddccf1b9fbc5e14202f996289c3e7a310b372e1ac5048ed0021d2ee1ae1fd2,9691ff6f194fbabd06332b93f298bf9531f281e0,2026-09-30T06:16:51.465902
square__B_drop_better_operator_2__s1,square,B,B_drop_better_operator_2,better_operator_2,250,1,0.42,50,2000,2940.015107870102,360.0057690143585,fdee6a30f991a0be1068d38d6654065111f21020937d3f54c09d26352140b900,2bdb38741aa58b8eabc45640758b046dc5c1f91b,2026-09-29T13:25:50.307336
square__B_drop_better_operator_2__s2,square,B,B_drop_better_operator_2,better_operator_2,250,2,0.44,50,2000,2760.0118565559387,360.0054883956909,49e56e4330e6012ca4898c9114b329056a37fcbbd00e3936eefc581f79aaf5b7,2bdb38741aa58b8eabc45640758b046dc5c1f91b,2026-09-29T18:29:50.857976
square__B_drop_better_operator_2__s3,square,B,B_drop_better_operator_2,better_operator_2,250,3,0.5,50,2000,2700.01038479805,330.0020477771759,1724ac5d87e6d6a6c916a46ed72e0637bb84da3ef3a5713a72ba264a5964b407,9691ff6f194fbabd06332b93f298bf9531f281e0,2026-09-30T06:17:41.399060
square__B_drop_okay_operator_1__s1,square,B,B_drop_okay_operator_1,okay_operator_1,250,1,0.68,50,2000,2940.013698577881,300.00521516799927,3c056ade61379e09bd3eaf62b9326ed6bfa8da7ee2263cdfea4096aee7a1718b,2bdb38741aa58b8eabc45640758b046dc5c1f91b,2026-09-29T13:25:09.908720
square__B_drop_okay_operator_1__s2,square,B,B_drop_okay_operator_1,okay_operator_1,250,2,0.54,50,2000,2760.0246102809906,330.0058538913727,d939540ee3f1faabb4ed149f747ac887bd386319b75f87c6694b2c6a5cd83945,2bdb38741aa58b8eabc45640758b046dc5c1f91b,2026-09-29T18:29:30.513061
square__B_drop_okay_operator_1__s3,square,B,B_drop_okay_operator_1,okay_operator_1,250,3,0.64,50,2000,2700.012948989868,270.0024788379669,f5e6684476bd7c692a0a537c90a62da9d3741fc64bc3c4daa53e62a08e24b0e5,9691ff6f194fbabd06332b93f298bf9531f281e0,2026-09-30T06:17:01.420345
square__B_drop_okay_operator_2__s1,square,B,B_drop_okay_operator_2,okay_operator_2,250,1,0.7,50,2000,2880.0212786197662,300.0065474510193,6708c6a562daf73fd7382f93b024d24f6512fa6673be4aebad0cc6253a9b29b6,2bdb38741aa58b8eabc45640758b046dc5c1f91b,2026-09-29T14:17:00.111045
square__B_drop_okay_operator_2__s2,square,B,B_drop_okay_operator_2,okay_operator_2,250,2,0.6,50,2000,2820.0135378837585,300.005478143692,974a7bef33912e81316ea092cd14308ad0236e4f095358c431c4246e60a23506,2bdb38741aa58b8eabc45640758b046dc5c1f91b,2026-09-29T19:21:30.584670
square__B_drop_okay_operator_2__s3,square,B,B_drop_okay_operator_2,okay_operator_2,250,3,0.74,50,2000,2700.0095150470734,270.0017375946045,f756b23a6a875e70820c10cfcd4688c2c23fdc02be90557620462b5180b24fe9,9691ff6f194fbabd06332b93f298bf9531f281e0,2026-09-30T07:06:21.508281
square__B_drop_worse_operator_1__s1,square,B,B_drop_worse_operator_1,worse_operator_1,250,1,0.76,50,2000,2880.0142345428467,300.0058228969574,a9b86ce52d50329680958d116b692b05b934a8a399900642fcf91dbcdbc6daa3,2bdb38741aa58b8eabc45640758b046dc5c1f91b,2026-09-29T14:18:09.977757
square__B_drop_worse_operator_1__s2,square,B,B_drop_worse_operator_1,worse_operator_1,250,2,0.6,50,2000,2760.0146782398224,300.0060474872589,b35bbb0a07b761da0f3a0021615886867ab2f30362d329bafd696be56bc05eb2,2bdb38741aa58b8eabc45640758b046dc5c1f91b,2026-09-29T19:20:40.399534
square__B_drop_worse_operator_1__s3,square,B,B_drop_worse_operator_1,worse_operator_1,250,3,0.58,50,2000,2700.0095567703247,300.0026693344116,be1eaea2d679229cb3de8a4b197deed93c7a93a68e2942df8f73ce101d66ce6c,9691ff6f194fbabd06332b93f298bf9531f281e0,2026-09-30T07:07:01.467008
square__B_drop_worse_operator_2__s1,square,B,B_drop_worse_operator_2,worse_operator_2,250,1,0.66,50,2000,2940.017038345337,330.00628185272217,6c231926c578394f718f55f12c5f9a9dac2f485239d2b152ef30b66c6f98e138,2bdb38741aa58b8eabc45640758b046dc5c1f91b,2026-09-29T14:20:20.383671
square__B_drop_worse_operator_2__s2,square,B,B_drop_worse_operator_2,worse_operator_2,250,2,0.62,50,2000,2760.0143587589264,300.00532960891724,4f79d97d9823e57db719c723d1f8ab6185243c6e20f70e8065eb703ce78c28cd,2bdb38741aa58b8eabc45640758b046dc5c1f91b,2026-09-29T19:20:50.935609
square__B_drop_worse_operator_2__s3,square,B,B_drop_worse_operator_2,worse_operator_2,250,3,0.62,50,2000,2700.0110807418823,300.0038855075836,dba1b6c36f420340d44f8d98544cb61e16b7e90ed0a84688d191b8f870f42aab,9691ff6f194fbabd06332b93f298bf9531f281e0,2026-09-30T07:07:41.455383
