run_id,task,arm,partition_key,held_out_operator,n_demos,seed,success_rate,n_rollouts,epochs,eval_seconds,ckpt_sha256,stage1_success_rate
square__A_all__s1,square,A,A_all,,300,1,0.59,500,2000,3503.6492280960083,1b213e34f8d21019975e3b6938de11bace8290b57806f5b9794f0f1c7383bbe1,0.56
square__A_all__s2,square,A,A_all,,300,2,0.682,500,2000,3198.981722831726,a747686c8192373a90323d48e99c2e245e9b9f0cbc4dfbcf03e15a6fe6756367,0.6
square__A_all__s3,square,A,A_all,,300,3,0.634,500,2000,3360.3071627616882,59d0c57bc4dbb7492af4e6602d79fd221f89768726fae8f414d728146dca0f33,0.6
square__A_all__s4,square,A,A_all,,300,4,0.626,500,2000,3327.072971343994,82305a22401bc9162d36c2c0e540f5e9ff1e565b52ef42c6d3c6dbd37808573c,0.6
square__A_all__s5,square,A,A_all,,300,5,0.616,500,2000,3415.441004037857,b5d2570e49644be7f3ac599a3800b3f8349993d1e942498d65ebead895b9b4b4,0.66
square__A_all__s6,square,A,A_all,,300,6,0.686,500,2000,3334.5249383449554,c70b68606ce5e4248833f372942b99d58447885ad3f99ea1eb9fbab6627ea37c,0.72
square__A_all__s7,square,A,A_all,,300,7,0.612,500,2000,3604.724940061569,86ef954e07c37f1466c0612577d36e74dd16681b8a27af2de54365e6696a836b,0.52
square__A_all__s8,square,A,A_all,,300,8,0.668,500,2000,3288.3798367977142,a48a3e31b47257290fca5dcf167c17c0a2aefa2548779b33fbfc61e7b3a457e2,0.72
square__A_all__s9,square,A,A_all,,300,9,0.632,500,2000,3427.6023786067963,2bc6620ffee8608f6876182d7833dce7c84a5fb27cd64b377eb7d2661a0d5aef,0.5
square__A_all__s10,square,A,A_all,,300,10,0.642,500,2000,3245.369704246521,db093d98d3f9f1613a122521deeff46028bb2bcf700e5901d4fff76ac7279ce8,0.52
square__B_drop_better_operator_1__s1,square,B,B_drop_better_operator_1,better_operator_1,250,1,0.624,500,2000,3558.5349946022034,e5fd04742e81dce2283ddc6b1a367f54cd4926fa987291a269ea317f1ead58b3,0.46
square__B_drop_better_operator_1__s2,square,B,B_drop_better_operator_1,better_operator_1,250,2,0.62,500,2000,3526.4231371879578,cc5b5454e046894aa3252f312e8833445b7cf2f0000529e68d4811571ab21251,0.48
square__B_drop_better_operator_1__s3,square,B,B_drop_better_operator_1,better_operator_1,250,3,0.628,500,2000,3530.743511915207,cfddccf1b9fbc5e14202f996289c3e7a310b372e1ac5048ed0021d2ee1ae1fd2,0.54
square__B_drop_better_operator_2__s1,square,B,B_drop_better_operator_2,better_operator_2,250,1,0.452,500,2000,3843.732213973999,fdee6a30f991a0be1068d38d6654065111f21020937d3f54c09d26352140b900,0.42
square__B_drop_better_operator_2__s2,square,B,B_drop_better_operator_2,better_operator_2,250,2,0.586,500,2000,3534.349856853485,49e56e4330e6012ca4898c9114b329056a37fcbbd00e3936eefc581f79aaf5b7,0.44
square__B_drop_better_operator_2__s3,square,B,B_drop_better_operator_2,better_operator_2,250,3,0.578,500,2000,3480.585156440735,1724ac5d87e6d6a6c916a46ed72e0637bb84da3ef3a5713a72ba264a5964b407,0.5
square__B_drop_okay_operator_1__s1,square,B,B_drop_okay_operator_1,okay_operator_1,250,1,0.628,500,2000,3310.7829542160034,3c056ade61379e09bd3eaf62b9326ed6bfa8da7ee2263cdfea4096aee7a1718b,0.68
square__B_drop_okay_operator_1__s2,square,B,B_drop_okay_operator_1,okay_operator_1,250,2,0.6,500,2000,3525.408689260483,d939540ee3f1faabb4ed149f747ac887bd386319b75f87c6694b2c6a5cd83945,0.54
square__B_drop_okay_operator_1__s3,square,B,B_drop_okay_operator_1,okay_operator_1,250,3,0.594,500,2000,3316.819002866745,f5e6684476bd7c692a0a537c90a62da9d3741fc64bc3c4daa53e62a08e24b0e5,0.64
square__B_drop_okay_operator_2__s1,square,B,B_drop_okay_operator_2,okay_operator_2,250,1,0.77,500,2000,3089.693026304245,6708c6a562daf73fd7382f93b024d24f6512fa6673be4aebad0cc6253a9b29b6,0.7
square__B_drop_okay_operator_2__s2,square,B,B_drop_okay_operator_2,okay_operator_2,250,2,0.666,500,2000,3299.508962392807,974a7bef33912e81316ea092cd14308ad0236e4f095358c431c4246e60a23506,0.6
square__B_drop_okay_operator_2__s3,square,B,B_drop_okay_operator_2,okay_operator_2,250,3,0.712,500,2000,3100.691335439682,f756b23a6a875e70820c10cfcd4688c2c23fdc02be90557620462b5180b24fe9,0.74
square__B_drop_worse_operator_1__s1,square,B,B_drop_worse_operator_1,worse_operator_1,250,1,0.708,500,2000,3200.471237182617,a9b86ce52d50329680958d116b692b05b934a8a399900642fcf91dbcdbc6daa3,0.76
square__B_drop_worse_operator_1__s2,square,B,B_drop_worse_operator_1,worse_operator_1,250,2,0.624,500,2000,3367.771335840225,b35bbb0a07b761da0f3a0021615886867ab2f30362d329bafd696be56bc05eb2,0.6
square__B_drop_worse_operator_1__s3,square,B,B_drop_worse_operator_1,worse_operator_1,250,3,0.67,500,2000,3302.3711903095245,be1eaea2d679229cb3de8a4b197deed93c7a93a68e2942df8f73ce101d66ce6c,0.58
square__B_drop_worse_operator_2__s1,square,B,B_drop_worse_operator_2,worse_operator_2,250,1,0.634,500,2000,3290.8757095336914,6c231926c578394f718f55f12c5f9a9dac2f485239d2b152ef30b66c6f98e138,0.66
square__B_drop_worse_operator_2__s2,square,B,B_drop_worse_operator_2,worse_operator_2,250,2,0.632,500,2000,3310.3793160915375,4f79d97d9823e57db719c723d1f8ab6185243c6e20f70e8065eb703ce78c28cd,0.62
square__B_drop_worse_operator_2__s3,square,B,B_drop_worse_operator_2,worse_operator_2,250,3,0.64,500,2000,3325.421722650528,dba1b6c36f420340d44f8d98544cb61e16b7e90ed0a84688d191b8f870f42aab,0.62
square__C_rand_1__s1,square,C,C_rand_1,,250,1,0.71,500,2000,3202.196989774704,0fc03e3390cd8118b910abd15dcc9e3b7aed5aa9bdc338d5474cc1d75d1fee55,0.58
square__C_rand_1__s2,square,C,C_rand_1,,250,2,0.646,500,2000,3325.587677717209,62fd140276ad533fd174453104d00312711a8b61b469f4f0dfed3882dd3da68d,0.7
square__C_rand_1__s3,square,C,C_rand_1,,250,3,0.634,500,2000,3362.259202480316,51bc2d2c476c8c718494ab60e96d3777cfd984586ba3a2d688dc66fd97621935,0.62
square__C_rand_2__s1,square,C,C_rand_2,,250,1,0.56,500,2000,3574.4889805316925,716ea5a1f444a1f8fc07bd7def0382425e6f71c313086915e6600f2f9cc9ee02,0.7
square__C_rand_2__s2,square,C,C_rand_2,,250,2,0.626,500,2000,3350.673989534378,4549c5c66ea7c6c56d1173d7c6f74c7f613bb970c529585f251f5579263f3c9e,0.66
square__C_rand_2__s3,square,C,C_rand_2,,250,3,0.64,500,2000,3275.2031257152557,7f31c32b385be44e7f8d5ebe277efb7972d3080a790501a9c1b85cd90d22b5c4,0.62
square__C_rand_3__s1,square,C,C_rand_3,,250,1,0.624,500,2000,3536.777503490448,c4035bc5ee24f7c22a3739375ee819e253d8051d9d469bf09e98502b50596052,0.5
square__C_rand_3__s2,square,C,C_rand_3,,250,2,0.574,500,2000,3491.1378297805786,ba678e74b7b5717ced020e05a3da544e88bb7818fd0ff4164b766ad5f8d11397,0.52
square__C_rand_3__s3,square,C,C_rand_3,,250,3,0.57,500,2000,3511.7049326896667,8d53b57f41470405b8994c8892a5ca573c3be26039841ed57a533078ba1369da,0.58
square__C_rand_4__s1,square,C,C_rand_4,,250,1,0.628,500,2000,3241.15446972847,770d599548c4e7991afe531b8cdb54309338cfa9f4ad96b1e25474b129a3568f,0.58
square__C_rand_4__s2,square,C,C_rand_4,,250,2,0.632,500,2000,3228.312519788742,e235579a6b7387addc4d5ce6cec65ae35b138b4ad062a2626f133c10a134f543,0.64
square__C_rand_4__s3,square,C,C_rand_4,,250,3,0.562,500,2000,3502.6526799201965,e59977eb776cb5c8074aee5aa87ba549026ee230e87da3c4c611c223b12c4484,0.62
square__C_rand_5__s1,square,C,C_rand_5,,250,1,0.588,500,2000,3416.6793303489685,c7da863d890f748b6efc402e5f41aa96e58071637ad59ec5199b2b5af648bb8c,0.54
square__C_rand_5__s2,square,C,C_rand_5,,250,2,0.73,500,2000,3102.6583836078644,b39f6fa7d32a9396e15f0474991fa114f576a6823adcdd4c19e6dce04a923697,0.7
square__C_rand_5__s3,square,C,C_rand_5,,250,3,0.632,500,2000,3261.320638656616,779f1cbc3d1441e0250ca58c42256d53262dd941555f37901eaedf2aeed1a1c7,0.64
square__C_rand_6__s1,square,C,C_rand_6,,250,1,0.652,500,2000,3362.8848910331726,0edce5a2ae0228149fe9db78231f51feb1ca8f475a733f78fae5f4f0e1bcb159,0.62
square__C_rand_6__s2,square,C,C_rand_6,,250,2,0.684,500,2000,3157.992388486862,eb3b80a49054d0467ab343f54b434381d21aceb480e40fbe40b5986de2dba7b6,0.56
square__C_rand_6__s3,square,C,C_rand_6,,250,3,0.602,500,2000,3298.19278717041,68ffb3c4bead4e03fb81485ff98db1091f76906fcced1de81eec0e310c3ef728,0.58
